Epoch,Train Loss,Train Acc,Val Loss,Val Acc
1,1.4326638278102781,0.45252225519287836,1.207184641668112,0.5623762376237624
